user_id,total_spend,purchase_count,session_count,total_duration,tenure_days,engagement_score,clv
user_000731,2993.85,1,107,177317,226,50.67507620452311,1.6233352727755532E7
user_000406,3099.92,1,94,190278,180,54.42166666666667,1.5858064415733332E7
user_000901,2525.31,1,108,196111,195,56.13681623931624,1.531038924906923E7
user_000537,3138.51,1,85,171102,105,49.95690476190477,1.3327170838964289E7
user_000068,2497.27,1,105,176439,211,50.503724328594,1.3242750743677132E7
user_000711,2193.48,1,102,206190,187,58.91136363636363,1.318053158672727E7
user_000371,4144.6,2,111,195923,199,56.09642238972641,1.2903596389123537E7
user_000538,2782.14,1,94,173345,258,49.24441214470284,1.2878455787600774E7
user_000882,4143.75,1,75,134946,104,39.64846153846154,1.23219984375E7
user_000180,2188.59,1,104,187468,188,53.73401891252955,1.2230580590984398E7
user_000892,2594.1,1,93,172154,265,48.8733857442348,1.1790767846198114E7
user_000721,3259.06,1,82,150145,113,43.88393559488692,1.1727671089469517E7
user_000337,4206.1,2,99,190362,173,54.595096339113674,1.136680551824133E7
user_000446,2192.61,1,93,190336,137,54.907607461476076,1.1196360135237956E7
user_000353,2473.01,1,91,173287,182,49.63527777777778,1.1170116985047225E7
user_000524,2770.44,1,89,154543,179,44.42023122284295,1.095265909962216E7
user_000877,1703.88,1,107,204752,101,60.053773377337734,1.094871330189307E7
user_000762,2268.6,1,89,181951,103,53.13417745415318,1.0728077352551779E7
user_000306,2760.28,1,85,154765,132,44.92209595959596,1.053979285800505E7
user_000343,5680.18,2,86,140223,189,40.3159126984127,9847070.562624605
user_000073,2538.48,1,86,154686,211,44.19108214849921,9647323.326259715
user_000072,3307.2,3,121,251621,184,71.86754830917874,9586441.015980676
user_000097,4060.0199999999995,2,95,173672,236,49.449849340866294,9536450.422742939
user_000382,1988.48,1,92,178339,114,51.959663742690054,9505509.198633917
user_000012,4463.610000000001,2,91,161159,246,45.876144986449866,9317181.488295022
user_000908,1678.14,1,106,176040,237,50.24177215189873,8937149.117012657
user_000013,5547.14,3,96,171257,107,50.262977673935616,8922104.767174248
user_000851,4566.0,2,86,159222,221,45.39575414781297,8912911.577873303
user_000506,3124.24,1,74,132739,171,38.170190058479534,8824709.759534502
user_000788,1936.27,1,96,162977,180,46.87138888888889,8712543.759733332
user_000458,2467.66,1,81,152754,238,43.45267507002801,8685340.68122773
user_000239,1873.05,1,93,170635,132,49.51224747474747,8624719.107329544
user_000063,2524.82,1,82,145761,218,41.617607033639146,8616311.26043517
user_000918,1612.6,1,96,190689,114,55.49548245614035,8591233.440842103
user_000998,2772.33,1,75,145326,250,41.26833333333333,8580707.89125
user_000535,3442.09,1,70,121439,113,35.59146263520157,8575631.23354007
user_000113,3826.3199999999997,2,88,176693,226,50.249530481809245,8459914.47281888
user_000875,1885.51,1,93,167889,230,47.8488768115942,8390416.821683696
user_000230,2277.71,1,89,138365,130,40.48856837606837,8207688.319751068
user_000807,1315.14,1,109,192947,109,56.59638888888889,8113107.062283333
user_000701,1989.9,1,88,162341,242,46.18563131313132,8087621.322000002
user_000090,2263.27,1,82,150586,149,43.48045115585384,8069456.056375764
user_000794,2272.68,1,81,149556,108,43.79333333333334,8061786.8568
user_000092,2752.35,1,79,127220,141,37.01973995271867,8049411.219450354
user_000598,1854.58,1,92,163242,174,46.93120689655172,8007466.347131033
user_000069,3239.05,2,96,176960,126,51.44126984126984,7997800.563809525
user_000198,1964.4,1,87,164159,226,46.75458947885939,7990490.254787611
user_000140,2304.4,1,80,151886,249,43.1544109772423,7955601.972476573
user_000880,1549.06,1,98,175876,103,51.708813376483285,7849805.33599957
user_000778,2099.84,1,85,152344,227,43.441125795398925,7753650.155167892
user_000749,2244.39,1,82,144981,154,41.8699025974026,7705736.036627922
user_000768,1656.08,1,93,174590,193,49.9428180771445,7691965.100991365
user_000042,1970.26,1,85,160186,190,45.83821637426901,7676622.356453218
user_000334,2120.88,1,80,157001,187,44.894811348781936,7617320.599472372
user_000149,2133.64,1,81,154019,225,43.863055555555555,7580625.5583
user_000596,5350.64,2,79,120760,103,35.84541531823085,7575938.564224379
user_000523,1579.74,1,96,171535,194,49.13314719358534,7451289.402969073
user_000873,3647.73,3,100,209338,99,61.17974747474747,7438906.67520202
user_000659,1366.02,1,103,184619,245,52.54428004535148,7392983.355037755
user_000101,1814.14,1,90,154796,122,45.212003642987256,7381881.386000001
user_000978,2034.63,1,83,149755,129,43.52884366925065,7350902.569165698
user_000356,2214.7,1,80,145525,263,41.33615863962822,7323775.243134771
user_000864,2639.65,2,99,192860,135,55.772222222222226,7287347.746250001
user_000006,1602.52,1,83,191570,178,54.61276529338327,7263998.036950062
user_000445,2129.52,1,87,135674,232,38.812222222222225,7190672.1016
user_000718,1931.19,1,85,152064,169,43.74887573964497,7181428.263869823
user_000816,2986.4300000000003,2,96,170968,122,49.85176684881603,7146182.979374864
user_000846,3521.84,2,87,162040,179,46.46921166977033,7119085.086577282
user_000359,2120.32,1,80,144107,150,41.62972222222222,7061466.609777777
user_000872,4680.110000000001,3,94,168035,191,48.152828679464804,7061296.764306235
user_000457,1727.44,1,86,166185,192,47.50625,7057520.899
user_000887,3186.65,2,93,164610,150,47.585,7051108.421625
user_000318,4738.139999999999,3,94,166533,239,47.4390829846583,7042887.855125105
user_000513,1150.28,1,110,184785,91,54.95554029304029,6953568.477710623
user_000410,2184.9,1,80,135588,141,39.3654609929078,6880767.65787234
user_000485,1142.69,1,103,199464,150,57.46666666666667,6763658.289333334
user_000083,5684.02,3,82,148968,117,43.482564102564105,6755590.882947009
user_000770,1824.26,1,83,154092,141,44.56929078014184,6748395.875082268
user_000845,4170.92,3,95,177506,172,50.96419896640827,6731307.230510767
user_000114,1507.96,1,87,174222,96,51.11375,6705741.6691499995
user_000495,1930.19,1,85,141790,177,40.82678907721281,6698294.100760358
user_000049,3305.8100000000004,3,107,193576,111,56.663003003003006,6680977.349812414
user_000071,1466.16,1,94,169843,220,48.46042929292929,6678769.843139394
user_000366,4398.61,3,93,170438,180,48.89388888888889,6667019.606772221
user_000838,1681.57,1,82,169595,211,48.27559899947341,6656661.518782648
user_000519,4665.16,3,87,171875,193,49.095387161773175,6642097.254776914
user_000254,1332.84,1,96,175510,94,51.81660756501182,6630071.733787233
user_000194,1616.81,1,90,157955,176,45.4104797979798,6607810.605795454
user_000608,5961.7699999999995,3,80,146156,253,41.5475054896794,6605244.581418825
user_000397,2508.18,1,71,126942,122,37.007568306010924,6590336.629837704
user_000956,2985.0600000000004,2,89,171063,139,49.43836330935252,6567153.394719605
user_000463,2572.59,2,99,181107,239,51.55017782426778,6564564.862462185
user_000520,1784.86,1,81,155195,106,45.402175052410904,6563958.619287737
user_000296,2978.5200000000004,2,89,168173,98,49.43921201814059,6552877.839222109
user_000769,2018.37,1,78,141745,113,41.4444075712881,6524711.614953539
user_000662,1542.57,1,93,158203,197,45.361521432600114,6507518.956814593
user_000822,5268.09,3,89,145191,223,41.52814275037369,6490295.141740545
user_000635,980.89,1,113,199615,110,58.5304292929293,6487546.14517298
user_000636,2443.42,2,106,174638,212,50.010555555555555,6476429.957744445
user_000572,3031.71,2,88,170172,207,48.54536231884058,6475720.257408695
user_000107,1581.65,1,89,160077,174,46.000316091954026,6475319.595268679
user_000811,3871.52,2,79,146904,155,42.33569892473118,6474188.4514924735
user_000312,1605.46,1,89,152891,97,45.22229954180985,6461630.77899307
user_000288,3429.53,2,82,157673,118,45.88280131826742,6451614.187806545
user_000367,3613.66,2,86,144406,202,41.39000550055005,6431484.512916061
user_000703,1141.12,1,103,191389,223,54.54926133532636,6411467.068781664
user_000640,1429.32,1,97,159415,150,46.22194444444444,6408397.114433333
user_000802,2487.95,2,100,179786,209,51.37596225412015,6391041.26450691
user_000470,2955.6099999999997,2,88,167107,102,49.00684640522876,6373185.513365358
user_000333,1673.43,1,83,159538,176,45.73088383838384,6351776.934158334
user_000077,2194.6499999999996,2,102,196534,144,56.717777777777776,6348259.220999999
user_000142,2748.5299999999997,2,89,179367,131,51.86233460559796,6343260.622741825
user_000562,2256.06,1,76,129607,239,36.955919339841934,6336482.625324128
user_000532,2120.27,1,73,144017,253,40.870334870443564,6325898.578850142
user_000950,5284.77,3,81,155135,207,44.26696859903382,6316400.186364131
user_000710,3151.3599999999997,2,87,161122,252,45.791825396825395,6277333.919390474
user_000797,2340.12,1,70,129804,93,38.3147311827957,6276274.81148387
user_000154,4771.43,3,91,146912,109,43.31347604485219,6268905.643142235
user_000511,1825.79,1,77,153247,123,44.44665989159891,6248570.571588143
user_000935,1348.37,1,93,172544,147,49.82684807256236,6248207.523610884
user_000681,3566.99,2,81,149518,143,43.23207847707848,6245439.860081644
user_000081,3263.9399999999996,2,84,157387,141,45.5058451536643,6238190.625695744
user_000307,6766.96,4,83,152947,133,44.35745822890559,6228426.769886007
user_000775,4705.12,3,90,154260,219,44.08287671232877,6222456.746301369
user_000953,1455.04,1,91,164811,244,46.89968579234973,6209923.6121923495
user_000692,2243.39,1,72,133348,186,38.20240143369176,6170607.745367742
user_000438,3657.21,2,83,140671,160,40.63152777777778,6166818.232722917
user_000552,2068.28,1,77,132008,115,38.6775845410628,6159697.7407033825
user_000122,2127.0,1,79,126172,148,36.64912912912913,6158263.114954955
user_000469,4561.5,3,90,157875,241,44.974498616874136,6154535.263226141
user_000065,2313.67,1,75,124188,233,35.46233190271817,6153610.009002146
user_000699,1678.02,1,81,156247,148,45.04383633633634,6122341.118177027
user_000308,3755.62,2,81,137649,128,40.13427083333333,6104527.344196875
user_000544,1161.35,1,98,180978,92,53.467318840579715,6085238.53207971
user_000977,2045.67,1,72,144409,225,41.07361111111111,6049659.891
user_000764,3333.63,2,81,154354,129,44.759832041343664,6043115.114963372
user_000983,1161.86,1,105,173285,240,49.44722222222222,6032328.7091666665
user_000885,3295.3,2,83,153432,201,43.85880597014925,5997908.817507463
user_000369,2699.02,2,86,178605,125,51.6765,5997464.002289999
user_000612,1100.02,1,102,187781,247,53.40025528565002,5991617.579570714
user_000980,1452.36,1,89,160753,192,46.04423611111111,5951679.801491667
user_000277,2683.95,2,90,173070,233,49.233798283261805,5946347.380606223
user_000771,1958.62,1,78,135805,205,38.86507452574526,5937509.156873983
user_000558,4712.9,3,83,158499,170,45.49220588235294,5931739.339848039
user_000796,1788.5,1,81,138337,104,40.763482905982904,5905344.6233653845
user_000023,4149.65,2,85,116315,265,33.27198637316562,5867851.675769784
user_000896,3328.06,2,82,147743,158,42.59668424753868,5812337.160051406
user_000700,3755.54,2,80,134771,216,38.54750000000001,5790667.126000001
user_000727,1709.51,1,81,144056,167,41.47064537591484,5742453.121102994
user_000271,1296.63,1,92,165190,144,47.80277777777778,5702391.449
user_000454,3418.33,2,83,136025,113,39.98826204523107,5672762.645578601
user_000958,6442.0,3,74,124462,209,35.63497873471558,5662493.147556266
user_000696,1723.05,1,80,143444,213,40.97231611893584,5647787.943098592
user_000683,3321.74,2,80,143365,94,42.376802600472814,5630588.810803781
user_000251,2347.17,2,96,175004,233,49.84827372436814,5616113.886606009
user_000580,1894.46,1,75,132934,95,39.294532163742694,5583143.955219299
user_000502,1223.42,1,92,167764,92,49.60111111111111,5582835.204711111
user_000946,1576.85,1,81,149033,109,43.6274133537207,5572304.826491972
user_000039,1765.94,1,73,147834,105,43.15071428571429,5562714.784157143
user_000265,2472.63,2,95,164959,189,47.329880952380954,5558890.968116072
user_000447,1830.19,1,73,142236,106,41.576037735849056,5554719.540775471
user_000326,1151.26,1,96,173042,132,50.2490404040404,5553572.1845333325
user_000712,2268.69,1,68,124907,161,35.963469634230506,5548117.546864804
user_000341,1743.1,1,71,155736,137,44.81474452554745,5546277.263956204
user_000241,1477.49,1,84,156531,228,44.586096491228076,5533542.983205264
user_000515,3409.44,3,97,176276,259,50.08910767910768,5521751.102229772
user_000931,2160.62,1,74,119619,205,34.310426829268295,5485752.786773171
user_000982,1190.27,1,97,163947,150,47.48083333333333,5481956.114691666
user_000413,1465.05,1,84,151992,143,43.98223776223776,5412638.90441958
user_000227,1129.75,1,94,177706,203,50.751940339354135,5389678.432248222
user_000170,1262.6,1,93,160029,195,45.88326923076923,5387696.062961537
user_000210,4379.049999999999,3,83,154412,161,44.4388060731539,5383926.519991833
user_000453,2518.23,2,88,168485,151,48.549733259749814,5379413.370614789
user_000029,977.88,1,105,180950,150,52.36388888888889,5376587.965
user_000381,1583.83,1,78,151026,166,43.36130522088354,5356801.011743373
user_000444,1430.43,1,88,148042,201,42.436210613598675,5341778.529824876
user_000464,1072.3,1,95,184721,268,52.37482172470979,5335344.526863599
user_000590,1489.08,1,87,139257,109,41.076995412844035,5321523.112654128
user_000253,3647.4700000000003,3,94,161591,207,46.2487077294686,5285644.2514361525
user_000661,1822.4,2,104,196307,261,55.72512452107279,5280780.280214559
user_000725,1773.74,1,74,141383,244,40.18289162112933,5274276.161620583
user_000127,1770.87,1,75,136823,141,39.60213356973995,5259767.270598403
user_000585,1392.02,1,82,159342,140,46.01880952380952,5252846.465133334
user_000394,1532.14,1,80,145415,121,42.37652662993572,5194141.720863177
user_000735,3767.9,3,87,163964,132,47.52282828282828,5192776.675919192
user_000545,1680.32,1,79,136360,219,38.959969558599695,5171752.067847793
user_000434,3473.37,3,93,167478,250,47.63766666666667,5129360.51037
user_000651,2276.91,2,89,176602,236,50.187467043314506,5085119.378558898
user_000543,1469.93,1,82,146303,209,41.81675571504519,5040351.705713743
user_000952,3224.51,2,81,132471,147,38.450561224489796,5021360.876546174
user_000815,1320.95,1,86,154038,197,44.09797800338409,5009605.267747039
user_000267,1368.66,1,81,156828,181,44.90587476979742,4978330.839556906
user_000561,1391.34,1,88,141070,183,40.628734061930786,4974497.690775956
user_000189,2896.2200000000003,2,81,147457,227,42.03076235927557,4930078.549687334
user_000777,2324.08,2,94,156449,175,45.06948412698412,4923019.073482539
user_000408,1460.85,1,77,153121,191,43.74303519488075,4920454.998261998
user_000285,3511.3199999999997,3,90,162550,182,46.63629426129426,4912648.582967033
user_000475,1548.23,1,74,146277,99,42.87492424242424,4912138.053028788
user_000829,2312.5,2,87,171949,255,48.787140522875816,4907681.4169730395
user_000984,1290.51,1,85,154634,159,44.55766247379455,4887679.264919812
user_000061,1894.91,1,73,120925,130,35.27489316239316,4879520.589571581
user_000111,1204.16,1,86,162468,133,47.069849624060154,4874448.190604513
user_000282,837.87,1,104,194680,177,55.84048964218456,4865855.389875706
user_000819,2883.21,2,83,137921,106,40.660445492662475,4865153.026529324
user_000137,1054.55,1,91,174206,123,50.61006775067751,4856747.072129404
user_000773,1780.1,1,70,135979,202,38.81154840484048,4836190.612081958
user_000053,1772.17,1,72,130296,176,37.42060606060606,4774728.631854546
user_000339,1278.86,1,87,150073,230,42.821727053140094,4764380.46574855
user_000078,2287.36,1,65,109293,119,31.997822128851542,4757384.997602241
user_000370,1626.98,1,81,125708,263,35.84284326151246,4723562.71949886
user_000805,1155.93,1,94,144936,92,43.32521739130435,4707606.342678262
user_000528,1352.68,1,84,142433,136,41.41766339869281,4706086.973796079
user_000373,1787.01,2,98,187750,192,53.68402777777778,4700760.829479167
user_000930,881.29,1,108,172488,246,49.230406504065044,4685716.614380488
user_000152,5563.21,4,80,144016,121,41.98791551882461,4671751.829869605
user_000305,2176.61,2,92,163687,265,46.51012054507337,4656782.10006216
user_000505,2673.9300000000003,2,78,155029,149,44.63408090976883,4654587.910715269
user_000525,1747.93,1,78,119495,264,34.079419191919186,4646338.256674242
user_000883,1347.43,1,79,152475,210,43.48273809523809,4628605.717541666
user_000763,1230.28,1,84,154871,162,44.57527777777778,4606566.110533333
user_000496,1093.49,1,88,168105,231,47.83869047619048,4603379.409095238
user_000638,4396.83,3,80,138099,268,39.256355721393035,4602760.600706467
user_000250,1828.9,1,69,124936,119,36.44394024276377,4599010.239389356
user_000212,2488.63,2,85,145704,102,42.973333333333336,4545150.877666667
user_000988,5601.37,3,74,115326,258,32.89546511627907,4545071.895479844
user_000627,2879.9,2,77,143849,227,40.97567670093,4543225.276243821
user_000144,4270.23,3,81,134841,128,39.35427083333333,4537398.274396874
user_000618,2289.22,1,63,110682,265,31.458207547169813,4536929.746511321
user_000706,3188.8999999999996,2,76,129878,193,37.25856937248129,4514926.371132412
user_000340,2182.3199999999997,2,86,168967,246,47.984058265582654,4502812.511468291
user_000820,3900.6499999999996,2,70,114941,204,32.957467320261436,4499444.071597222
user_000494,2013.5,1,69,113410,259,32.30200557700557,4487766.08782175
user_000707,3600.6099999999997,3,83,158085,231,44.99042207792208,4481805.32731764
user_000245,1370.22,1,76,151364,256,42.93618055555555,4471233.012383333
user_000663,1565.71,1,77,129878,254,36.98667104111986,4459100.855115967
user_000678,1246.33,1,79,157432,166,45.15882195448461,4446340.770756091
user_000673,866.8,1,97,184680,225,52.593333333333334,4422026.429333333
user_000075,838.2,1,100,184471,210,52.67051587301587,4414842.6404761905
user_000456,2816.31,2,78,140807,255,40.03070261437908,4396815.8551161755
user_000088,1062.83,1,89,163475,259,46.44061025311025,4392904.167782872
user_000791,910.3,1,92,182283,162,52.33787037037037,4383171.032629629
user_000704,2454.17,2,83,146597,111,42.96463213213213,4375864.216448161
user_000840,1210.54,1,78,161823,189,46.188928571428576,4361256.556242857
user_000148,2936.2200000000003,2,77,129553,91,38.52540598290599,4355084.100872437
user_000015,1290.36,1,75,155468,129,44.92974160206718,4348165.603023255
user_000604,1253.72,1,80,151522,219,43.18533485540335,4331385.441193303
user_000256,1827.8400000000001,2,94,173231,129,50.30576873385013,4321692.12715659
user_000186,1540.73,2,103,184419,105,54.17035714285714,4298287.559576786
user_000205,2077.15,2,88,161903,133,46.95801796157059,4291709.26839056
user_000034,1626.88,1,67,133984,96,39.311527777777776,4284994.266844445
user_000951,1103.78,1,85,159728,221,45.52273504273504,4271002.181264957
user_000499,3514.24,2,69,118825,119,34.74644024276377,4212702.89047619
user_000714,2815.82,2,80,127228,122,37.308324225865206,4202141.020867031
user_000658,843.38,1,101,169742,186,48.77958781362007,4155112.6057953406
user_000182,1671.46,1,74,115298,159,33.42344863731656,4134080.8519903566
user_000837,2510.9900000000002,2,81,142733,248,40.627894265232975,4131657.566952823
user_000685,695.86,1,102,202469,158,58.17809774964839,4129348.7322071735
user_000894,2618.96,2,78,141322,224,40.300753968253964,4116296.4418952377
user_000994,3604.49,2,71,112285,220,32.15845959595959,4114977.0340309334
user_000787,2751.95,2,78,130177,110,38.287550505050504,4109251.559882575
user_000668,1427.8,1,76,132203,207,37.824504830917874,4104442.927816425
user_000938,1451.07,1,74,129955,109,38.13530835881753,4094938.140616972
user_000722,1433.41,1,74,134430,185,38.54166666666667,4088204.7708333344
user_000848,2523.67,2,80,141560,233,40.35226514067716,4073432.0387029094
user_000067,2217.24,3,96,198160,140,57.1015873015873,4051453.5497142854
user_000691,3514.83,3,82,146599,195,41.98348290598291,4033438.009413248
user_000852,1920.76,2,91,158888,141,46.071725768321514,4026419.123397636
user_000557,698.31,1,97,206120,166,59.008567603748325,3997008.4658072283
user_000032,3180.42,2,72,120028,139,34.89506794564348,3995314.991844604
user_000146,907.09,1,92,165655,154,47.807485569985566,3989643.671882395
user_000867,3132.0699999999997,2,66,133956,149,38.538859060402686,3983311.341811409
user_000724,1131.83,1,85,143753,175,41.388531746031745,3981806.460319444
user_000315,1374.22,1,75,132803,181,38.13281614487416,3930215.8951956728
user_000482,849.09,1,97,166813,233,47.58587148307105,3919254.698903397
user_000450,1368.31,1,75,131936,157,38.08200990799717,3908099.6232908703
user_000527,3623.12,4,91,164642,195,47.13388888888889,3885056.982877778
user_000750,1121.21,1,83,143538,134,41.72987562189055,3883400.169219652
user_000617,3110.51,2,67,127554,111,37.24247747747748,3880743.803718694
user_000614,911.52,1,86,173323,215,49.34527777777778,3868211.8536000005
user_000226,2537.36,2,80,133427,239,38.067239655973964,3863611.6485392842
user_000460,4248.58,3,71,134679,259,38.23322715572716,3844340.5400929432
user_000548,2011.0,2,86,155105,188,44.45706264775414,3844335.578339244
user_000255,2491.64,3,88,184467,263,52.244635614702155,3818461.500568483
user_000779,1575.98,2,93,178561,126,51.81456349206349,3797130.2834083335
user_000740,1451.83,2,108,166662,153,48.41264705882353,3795494.402488235
user_000607,2097.4,2,82,150276,110,43.97969696969697,3781963.6733939396
user_000281,1494.98,1,73,120283,223,34.394007224713505,3753539.7632185607
user_000501,1187.26,1,82,134372,203,38.53737821565407,3751818.788146031
user_000362,680.69,1,99,186945,92,55.157427536231886,3716965.825614131
user_000161,1703.35,1,66,114779,178,32.99541510611735,3709380.861186329
user_000046,1124.87,1,81,142579,255,40.55821895424837,3695440.6241602935
user_000258,2242.35,2,80,144227,239,41.067239655973964,3683484.9937029285
user_000401,1014.06,1,82,151445,111,44.28427177177177,3682366.5078963963
user_000927,2568.38,2,77,130585,267,37.13877965043695,3672380.2068256866
user_000646,1665.12,1,67,114711,203,32.8543144499179,3665327.1971487687
user_000900,1128.64,1,79,142981,206,40.86742988133765,3643844.6688405615
user_000541,2168.25,2,74,156769,131,45.24160093299406,3629518.7452496816
user_000424,2096.61,2,84,141481,146,41.026305175038054,3612678.791107535
user_000498,1386.94,1,72,127114,253,36.163199385155906,3611245.5183778657
user_000474,873.42,1,89,161814,181,46.42347145488029,3608699.770992817
user_000236,2683.92,3,88,157859,135,45.805277777777775,3606172.5665777773
user_000357,1768.31,1,65,108808,170,31.371503267973857,3605845.291346405
user_000610,3930.33,4,86,145012,109,42.64808358817533,3603852.410935933
user_000990,1749.56,2,83,170949,117,49.61403846153846,3602313.590926923
user_000409,2576.88,2,74,130386,206,37.29600323624596,3555971.018318447
user_000833,1082.06,1,81,139554,150,40.385,3539618.4411
user_000821,2575.53,3,90,158745,163,45.75227505112474,3535090.7088726996
user_000070,1055.92,1,81,142018,144,41.136944444444445,3518423.1126
user_000839,4050.65,3,75,120480,207,34.5536231884058,3499115.844202899
user_000260,1148.82,1,75,139255,118,40.588724105461395,3497185.352012712
user_000066,1725.55,2,89,160155,259,45.518388030888026,3495219.323768098
user_000619,910.01,1,79,167363,118,48.4981967984934,3486573.681419161
user_000595,827.66,1,92,160236,245,45.6365306122449,3474980.8452408165
user_000808,1085.58,1,80,140218,227,40.0067131669114,3474439.014378854
user_000120,1038.78,1,79,147926,219,42.17274733637747,3460848.3117684927
user_000286,1989.0100000000002,2,78,156249,223,44.45182735426009,3448190.035909978
user_000818,1042.1,1,77,147733,127,42.85584208223972,3438825.6236104546
user_000981,1494.0400000000002,2,89,180202,162,51.70425925925926,3437546.3019148153
user_000026,1947.96,1,55,112059,183,32.0291393442623,3431531.525237705
user_000720,1500.26,2,100,156265,134,45.64575041459369,3424024.6758499164
user_000603,828.61,1,92,157465,238,44.899941643324,3422817.739346872
user_000737,812.75,1,88,165569,146,47.79960806697108,3418723.568165906
user_000909,1646.9599999999998,2,89,160938,154,46.43876623376623,3403484.174418181
user_000433,3714.84,2,60,102532,94,30.39600472813239,3387488.82612766
user_000806,6522.23,5,69,131669,223,37.50297334329846,3375521.6460382883
user_000295,2255.27,2,79,127776,100,37.86333333333333,3372985.570783333
user_000164,3043.27,3,82,138189,134,40.22165422885572,3345746.3335113595
user_000709,513.27,1,105,213189,118,61.888658192090396,3335387.1169766947
user_000937,3555.6,4,84,155553,176,44.64098484848485,3333235.200272727
user_000017,617.77,1,102,178579,93,52.89560035842294,3333086.1334091397
user_000922,773.67,1,94,159695,199,45.776807649357906,3329117.4207634004
user_000613,4056.9,3,71,121196,216,34.65166666666667,3327020.8671666672
user_000289,3700.33,4,91,134957,140,39.43805555555556,3319994.4075909723
user_000705,1410.11,2,94,170836,108,50.06555555555556,3318103.2055888893
user_000344,894.1,1,83,157534,266,44.69553467000836,3316869.036521721
user_000441,2690.44,2,69,123556,147,35.72927437641723,3316397.6788884355
user_000001,1352.47,1,71,120574,214,34.48810488058151,3311733.031756645
user_000817,2179.4300000000003,2,76,139698,245,39.73561224489796,3290837.445006123
user_000080,2122.59,1,57,93498,161,27.033778467908903,3270752.786777329
user_000047,925.08,1,79,156146,194,44.59553837342497,3259100.81044055
user_000395,1347.32,1,69,121480,162,35.022222222222226,3255843.690666667
user_000297,864.14,1,84,157600,255,44.76601307189543,3249464.613019608
user_000004,2194.79,2,76,136479,252,38.81559523809524,3237299.0503595243
user_000096,2089.16,2,79,133285,111,39.158746246246245,3231451.0091584083
user_000462,1577.8,1,64,109140,116,31.97183908045977,3228490.732873563
user_000335,2141.96,2,80,130941,218,37.473417431192665,3210662.448036697
user_000168,1480.26,1,63,119804,173,34.37137443802183,3205349.9557144507
user_000911,2134.58,2,74,139220,131,40.36687871077184,3188154.282462256
user_000383,2732.15,2,72,113567,250,32.41038888888889,3187801.5841
user_000174,1937.03,3,90,192558,198,54.851969696969704,3187497.3258636366
user_000157,2331.03,2,73,131112,240,37.3325,3176345.9778375
user_000244,1664.07,2,82,157811,93,46.481550179211474,3171290.681475538
user_000196,930.06,1,82,144634,191,41.464069226294356,3162253.922417801
user_000352,668.0,1,94,172379,116,50.31409003831418,3159322.3416858236
user_000276,2153.89,2,76,134013,174,38.53617816091954,3154102.1736028735
user_000262,2200.31,2,71,141088,215,40.18180878552972,3138641.466955556
user_000185,2699.45,3,82,147538,187,42.29828579916815,3120977.607748762
user_000645,2063.6400000000003,2,77,136206,163,39.25217791411043,3118591.0305809826
user_000964,1448.12,2,87,171296,153,49.288104575163395,3104816.414886274
user_000466,2597.1299999999997,2,76,109023,204,31.401813725490197,3099074.514273529
user_000379,1084.03,1,78,127252,188,36.59245862884161,3094051.1883390076
user_000644,827.07,1,81,161115,173,46.15879094412332,3092300.649318642
user_000708,2358.71,3,81,170888,240,48.481388888888894,3087545.4932250003
user_000031,2969.7200000000003,3,81,131092,129,38.298165374677,3070840.347265116
user_000141,2735.4100000000003,4,95,165345,253,47.0556488801054,3057016.696949317
user_000398,1543.23,2,82,167776,163,48.11364689843218,3044267.355425767
user_000437,1908.69,2,79,141053,204,40.343153594771245,3041601.6664747554
user_000181,1134.06,1,70,133047,170,38.19279411764706,3031904.4067941178
user_000772,1232.79,1,70,121411,153,35.09782679738562,3028777.4928284315
user_000487,868.76,1,80,151906,186,43.48643369175627,3022341.930724014
user_000556,1237.38,1,71,119879,194,34.39766036655212,3021971.3658898626
user_000965,4305.0,3,65,113798,262,32.35483036471586,3017896.8022688716
user_000577,3776.69,4,77,143258,185,41.042537537537534,2983845.1160333706
user_000600,1271.82,2,95,173278,237,49.3353094233474,2980417.57846308
user_000569,722.24,1,86,166831,160,47.95444444444444,2978577.1441777777
user_000195,635.23,1,95,171379,165,49.332550505050506,2977064.025445707
user_000916,1405.19,2,90,164852,213,47.05982785602504,2975759.977725352
user_000941,2742.85,3,81,140070,225,39.98833333333333,2961414.0022499994
user_000206,1162.9,2,98,182414,235,51.92161938534279,2958602.9079775414
user_000290,2338.5,3,83,160139,211,45.66315034228541,2954337.332420353
user_000536,1149.4,1,67,129205,103,37.841734088457386,2914184.373805286
user_000203,1073.55,2,106,179385,255,51.07622549019608,2906142.739375
user_000259,830.82,1,83,145186,151,41.97845106696101,2894752.547382561
user_000489,2531.21,3,84,141100,159,40.7793501048218,2890190.765807128
user_000985,1905.55,2,72,144899,115,42.12798309178744,2889971.2145000002
user_000856,3363.19,4,91,131740,246,37.70420054200542,2884845.3775247284
user_000962,1744.77,2,79,143406,121,41.79367768595041,2880354.02313657
user_000957,3321.54,3,70,127634,138,36.97562801932367,2865707.308130435
user_000173,4206.360000000001,3,60,118521,173,33.962962427745666,2857208.9327514456
user_000257,1483.38,1,59,112728,134,32.63422885572139,2856128.7816
user_000292,1299.06,1,66,115955,194,33.23034077892326,2849101.628489691
user_000792,618.73,1,91,177115,206,50.523853829557716,2844716.7912765644
user_000653,1016.01,1,70,139902,209,39.86645135566188,2835329.9269306217
user_000632,876.26,1,76,148744,192,42.50527777777778,2830671.277622222
user_000615,793.86,1,83,150919,255,42.898415032679736,2826592.8679009806
user_000085,1293.53,1,67,114191,229,32.59745147986415,2825107.354654161
user_000573,570.84,1,98,176460,205,50.45081300813008,2822335.5255609755
user_000713,2902.38,3,75,136866,261,38.88040229885057,2821142.550603448
user_000684,827.13,1,83,139775,112,41.04960317460317,2818128.73672619
user_000455,1514.82,2,87,149335,238,42.57858309990663,2805701.682435924
user_000767,1338.73,1,59,124036,223,35.24816641753862,2784078.8918609372
user_000902,5682.79,4,56,122976,254,34.82141732283464,2770359.2300724406
user_000657,2635.26,2,62,119247,266,33.82341478696742,2763138.253596617
user_000491,2092.59,3,84,164964,191,47.14270506108202,2762209.8891455494
user_000581,1987.84,3,92,159043,267,45.21231897627965,2756162.255383437
user_000055,4301.45,3,62,108588,227,30.98271659324523,2754259.1966603035
user_000621,1199.98,2,101,156468,160,45.35708333333333,2748593.439345833
user_000490,483.51,1,106,187377,214,53.53514797507788,2743786.6161275697
user_000780,2643.51,2,66,107223,146,31.140331050228312,2716552.6256414386
user_000889,2131.37,2,68,129090,177,37.01087570621469,2682051.585234463
user_000298,1945.44,2,72,133787,193,38.282226540011514,2681127.8928
user_000191,3921.9,3,62,115999,258,32.942874677002585,2670105.6440452193
user_000895,1714.2199999999998,2,79,137072,246,39.03897018970189,2643394.6474043354
user_000449,3156.57,3,70,122021,114,35.73682748538012,2632135.275828948
user_000866,1670.07,2,83,131690,191,37.88422047702152,2625675.9538204623
user_000213,1472.9299999999998,2,79,156959,163,45.05370995228357,2621257.9595006728
user_000392,1760.49,2,73,139043,105,40.70876984126984,2615859.450951786
user_000634,869.07,1,74,142823,246,40.575494579945804,2609457.935519919
user_000789,3432.91,4,77,138016,220,39.38777777777778,2602882.902063889
user_000733,478.04,1,98,194121,201,55.385186567164176,2594680.789483582
user_000546,1256.02,1,65,109325,148,31.685623123123126,2586855.463081832
user_000030,831.9,1,77,140770,182,40.37200854700854,2586081.491089743
user_000304,587.08,1,91,168260,175,48.29888888888889,2580333.3636888894
user_000649,754.96,1,81,147656,253,41.976029863855956,2566908.103987352
user_000059,611.59,1,89,163002,146,47.107100456621005,2564110.609575571
user_000422,1195.91,1,66,113606,258,32.32466408268734,2551387.6755263573
user_000695,1167.05,2,90,170984,253,48.56274923144488,2550382.042075099
user_000907,2471.9300000000003,3,78,134886,109,39.615122324159024,2546071.042495719
user_000742,1059.49,1,67,123552,168,35.51642857142857,2521163.1607785714
user_000428,829.29,1,81,126642,125,37.12233333333334,2493599.56461
user_000233,1746.56,2,74,134567,188,38.560573286052005,2491889.1305040186
user_000719,709.09,1,82,148684,159,42.84828092243187,2491429.5765815517
user_000943,2217.95,2,61,126146,106,36.76697064989518,2487192.7278645174
user_000690,631.58,1,85,159555,132,46.25265151515151,2483041.2197348485
user_000584,1764.75,2,76,129595,268,36.849357379767824,2471136.33056592
user_000854,2170.56,2,65,121644,245,34.585918367346935,2439801.356571428
user_000891,1047.41,1,68,117796,187,33.81202020202021,2408223.269426263
user_000533,1777.75,3,86,160497,108,46.97138888888889,2393763.7491203705
user_000578,1071.4,1,67,116619,213,33.33782863849765,2393116.0234201876
user_000625,700.71,1,80,148556,221,42.351528406234294,2374091.157562595
user_000828,1114.96,1,69,103269,96,30.842083333333335,2372750.5571000003
user_000160,2611.21,3,74,125125,114,36.70431286549707,2364119.163672027
user_000876,755.93,1,83,131435,230,37.5923309178744,2358625.1689921496
user_000316,671.61,1,89,136240,211,39.10984728804634,2337724.2438041074
user_000423,1906.53,2,76,110428,154,32.15496392496392,2329567.3281307356
user_000328,1541.3400000000001,2,75,138284,158,39.836272855133615,2302546.530094937
user_000686,531.3,1,91,165586,202,47.347596259625966,2289175.7882392737
user_000566,1005.52,2,94,169239,206,48.37976537216828,2286400.6188200647
user_000531,1867.67,2,72,117600,184,33.84057971014492,2275309.278260869
user_000385,1682.4,2,74,125950,166,36.32346050870147,2261091.8285140563
user_000497,1026.2,1,67,114788,206,32.861283710895364,2259390.706056095
user_000019,543.52,1,88,164197,172,47.145161498708006,2254941.759644444
user_000567,632.79,1,84,145549,152,42.08817251461988,2237169.8735842104
user_000934,2124.76,2,70,100038,95,29.998859649122807,2230913.195982456
user_000623,1445.07,2,74,146572,236,41.65512241054614,2227199.0064468924
user_000190,483.77,1,100,160650,250,45.825,2216876.025
user_000011,623.44,1,82,148738,124,43.29998207885305,2213585.147833692
user_000234,912.46,1,69,120960,147,35.00816326530612,2204104.8570612245
user_000628,536.18,1,91,158365,268,45.008934494195685,2196093.0352359037
user_000010,1140.89,2,84,160889,227,45.8015210474792,2194688.888610059
user_000571,2243.42,2,63,108920,240,31.043055555555558,2193742.268375
user_000062,572.52,1,90,143105,101,42.42465621562156,2186006.775891089
user_000052,2219.82,3,76,135922,216,38.81166666666667,2182591.1521333335
user_000415,1801.54,2,62,136816,198,38.94383838383838,2174925.360662626
user_000417,592.13,1,80,157854,128,45.723333333333336,2165932.5893333335
user_000868,985.34,2,97,158367,266,45.084818295739346,2154557.9306869046
user_000310,599.42,1,78,156475,94,45.95463947990544,2148598.1397695034
user_000503,712.83,1,76,139184,229,39.65785540999514,2148467.4894649195
user_000472,861.34,1,72,120823,249,34.42941432396251,2135191.0848337347
user_000484,2142.06,2,65,106658,212,30.54703354297694,2126591.3068097485
user_000582,570.49,1,86,145749,92,43.290181159420285,2123908.9286688403
user_000324,660.35,1,77,147042,255,41.750882352941176,2122905.0274558826
user_000216,647.22,1,76,148740,149,42.84686800894855,2107582.5933691277
user_000199,644.07,1,80,141719,255,40.307565359477124,2076871.4896862747
user_000211,514.04,1,86,159271,110,46.587398989898986,2059509.6456020197
user_000966,894.42,1,68,116393,157,33.63075194621373,2045441.1665898087
user_000217,583.43,1,91,134047,222,38.4650075075075,2042189.1790395642
user_000784,674.85,1,78,133595,147,38.7015589569161,2037184.270841837
user_000530,1802.18,3,79,150557,218,42.90854485219164,2036328.2625253652
user_000294,1372.1299999999999,2,73,141084,252,40.05904761904762,2006267.066847619
user_000758,1189.78,2,77,149998,114,43.6924269005848,2001398.4635944446
user_000870,721.15,1,74,131183,243,37.353302469135805,1993362.7215956792
user_000329,435.7,1,97,160259,110,47.16184343434344,1993196.2728813135
user_000461,1181.08,1,61,94190,127,27.60483377077865,1988814.5412694658
user_000715,685.85,1,75,134820,191,38.62801047120419,1986976.5736256547
user_000752,608.31,1,79,144069,213,41.131842723004695,1976651.9884996477
user_000986,698.67,1,73,136353,256,38.73130208333333,1975409.1143390622
user_000138,643.97,1,75,141930,169,40.75636094674556,1968440.5319156803
user_000418,1485.85,3,93,145713,180,42.02583333333333,1935766.6182083332
user_000036,3303.17,5,79,129515,227,37.02044175232501,1932100.0388118331
user_000278,1078.11,2,90,137834,191,39.70083478766725,1926084.014681937
user_000118,2520.75,3,66,120545,173,34.629230892742456,1920415.943003372
user_000293,1047.18,1,58,109544,169,31.458474687705458,1910675.7603613413
user_000117,1696.88,2,69,111248,266,31.680417710944024,1854646.418584461
user_000150,382.14,1,92,180783,207,51.55083333333334,1812366.4614
user_000550,841.55,1,71,105525,227,30.250825991189426,1807488.3655148677
user_000389,1730.1399999999999,2,61,119554,258,33.91874677002584,1789867.5063691214
user_000970,2156.7200000000003,2,61,93311,180,26.93638888888889,1771874.5836555557
user_000431,1452.01,2,69,123333,198,35.30462121212121,1768561.8750943183
user_000554,728.81,2,96,177623,254,50.473580489938755,1765711.2094498684
user_000910,914.64,2,85,155669,222,44.39003753753754,1725538.4171666666
user_000435,1565.3,3,78,148433,226,42.26678711897738,1720165.2488107176
user_000754,1052.31,2,79,145189,266,41.221255221386805,1713412.793739693
user_000766,1394.72,2,71,121418,261,34.54331417624521,1710327.9157501915
user_000264,1761.2199999999998,2,63,104529,123,30.57241869918699,1696109.7907335362
user_000869,527.2,1,80,139380,169,40.13678500986193,1692809.0445759369
user_000939,960.9,2,83,147671,188,42.3441903073286,1688574.0973519501
user_000098,466.28,1,85,147481,185,42.34532282282282,1678306.055695195
user_000967,851.27,1,61,111700,156,32.2008547008547,1672108.9164529913
user_000311,749.62,1,66,117943,242,33.580126262626266,1661374.0604333335
user_000534,1165.85,2,76,131211,217,37.49819124423963,1661256.117959677
user_000131,556.01,2,109,191686,224,54.70593253968254,1657728.9825506944
user_000363,691.84,1,69,118948,143,34.48866355866356,1646383.95275338
user_000756,795.89,2,91,158601,210,45.35583333333333,1642470.5657208334
user_000830,454.96,1,84,149377,238,42.55243464052288,1626211.0757803924
user_000192,643.26,1,71,123579,215,35.318197674418606,1613033.6523593024
user_000416,1053.59,1,52,103221,205,29.433475609756098,1612562.409519512
user_000248,359.64,1,89,173048,135,50.04666666666667,1601891.7048
user_000451,552.93,1,77,131128,198,37.59111111111111,1600464.486133333
user_000793,530.9,1,76,134103,100,39.530833333333334,1595005.8756666668
user_000229,571.99,1,70,140337,270,39.76027777777778,1591973.690027778
user_000844,427.59,1,83,155758,163,44.7937184730743,1589727.7247978528
user_000736,1431.54,2,68,113029,192,32.45944444444444,1579877.7654
user_000364,814.84,1,64,105222,260,29.96679487179487,1562761.1605333334
user_000906,1036.86,2,79,133283,226,38.07172812192724,1559264.554809808
user_000755,705.8299999999999,2,96,160500,213,45.93544600938967,1556285.5611267604
user_000242,671.47,1,67,121342,232,34.57249042145594,1555364.1396007664
user_000926,282.74,1,98,191763,103,56.121868932038836,1555053.9277407767
user_000300,1863.5500000000002,2,60,95033,166,27.482392904953144,1536444.3989407632
user_000783,443.51,1,86,139725,217,40.0014400921659,1525729.3277937789
user_000841,503.22,1,77,138130,241,39.32795066851084,1523877.0728264179
user_000040,340.07,1,94,166128,246,47.293008130081304,1511795.7278308943
user_000332,841.63,2,84,147243,212,42.08951257861635,1487799.4518047168
user_000368,665.43,1,71,107643,232,30.818936781609196,1456057.0022836206
user_000317,1011.28,2,79,124819,138,36.38933574879227,1453592.3945135265
user_000266,930.9,3,97,164934,184,47.396521739130435,1426592.647478261
user_000386,498.47,2,98,199570,108,58.15833333333333,1420519.0364166668
user_000159,358.39,1,93,146792,165,42.466464646464644,1415418.732612121
user_000936,689.15,2,85,166326,131,48.148231552162855,1410207.5354023539
user_000858,398.59,1,89,134447,134,39.33892620232172,1395529.1309535238
user_000753,463.12,1,78,129489,111,38.07727477477477,1375479.104508108
user_000504,873.18,2,79,138481,180,39.783611111111114,1372161.0152250002
user_000633,640.9,1,67,109910,189,31.59404761904762,1356657.8829761904
user_000151,299.12,1,96,162502,232,46.38082375478927,1331849.4721471264
user_000399,542.58,1,73,115426,159,33.440136268343814,1324508.286962893
user_000739,723.5699999999999,2,85,146640,123,42.80650406504065,1316373.841219512
user_000888,971.82,2,67,138148,180,39.49111111111111,1285671.4286
user_000280,790.68,2,85,128424,111,37.97063063063063,1275961.2746486487
user_000564,1312.35,3,73,137316,129,39.84100775193798,1272276.7653992246
user_000626,609.96,1,61,117888,149,33.97485458612976,1264121.4405046983
user_000351,594.35,1,63,115154,196,32.95150793650794,1233837.91075
user_000171,639.72,1,65,100755,155,29.245564516129033,1216083.2145967742
user_000169,659.89,1,62,103850,262,29.557145886344358,1209276.8299342662
user_000268,766.22,2,75,144949,155,41.71522401433692,1198613.9604099463
user_000054,412.05,1,74,137150,234,39.04594017094017,1190577.0939102564
user_000380,333.62,1,81,148949,141,43.09812647754137,1164650.1533904255
user_000035,1837.15,4,71,120488,153,34.86104575163399,1136798.2210964053
user_000459,352.72,1,79,141026,192,40.40826388888889,1125971.4242722222
user_000209,498.18,1,71,111632,260,31.82811965811966,1125785.4182410256
user_000677,917.35,2,70,119726,255,34.08075163398693,1094239.2129003268
user_000592,419.44,1,70,129702,247,36.87853576248313,1082783.3128151146
user_000969,349.74,1,81,131094,210,37.57214285714286,1064378.9806714286
user_000790,318.07,1,78,149254,264,42.34580808080808,1050576.6317484847
user_000176,320.85,1,79,144832,249,41.182918340026774,1043869.6086024097
user_000404,560.54,1,61,104285,160,30.111805555555556,1029611.1606527776
user_000954,256.6,1,87,155894,93,46.110340501792116,1029376.4634301076
user_000110,273.94,1,85,153845,190,44.07682748538012,1026324.5203143277
user_000942,343.49,1,76,137197,204,39.227924836601304,1024054.3925614379
user_000007,1467.51,2,47,103970,221,29.518564605329313,1017991.5354832204
user_000249,882.79,2,71,113224,231,32.373189033189036,1014544.8279046176
user_000812,340.32,1,73,142955,199,40.81022473478504,1013863.1047671692
user_000853,293.23,1,80,150316,227,42.8117131669114,1004294.2921546745
user_000443,333.17,1,77,135055,149,39.065613348247574,1002192.7607411447
user_000283,789.1,2,72,123789,252,35.242976190476185,1001168.3704285714
user_000037,343.55,1,77,131413,210,37.603611111111114,994741.4859861112
user_000105,275.44,1,86,144543,188,41.52317375886525,983594.2962921986
user_000588,192.9,1,100,171149,94,50.732878250591014,978637.2214539007
user_000738,442.88,1,60,124844,118,36.20431261770245,962049.9583276836
user_000201,238.54,1,85,165513,268,46.92732587064677,951493.7666206467
user_000287,502.67,1,56,117405,186,33.51572580645161,943451.5939032258
user_000832,1026.06,3,74,129779,190,37.2181432748538,941971.8528520467
user_000246,265.9,1,86,139175,152,40.35709064327485,922861.7345760233
user_000270,244.65,1,87,147984,151,42.83514348785872,911726.7533245033
user_000125,556.64,1,54,105811,265,30.003265199161426,901854.9471849056
user_000467,478.21000000000004,2,84,154369,151,44.54915194996321,894761.6980676601
user_000650,333.08,1,72,126854,242,36.1297842056933,866455.8136727272
user_000237,277.96,1,74,143133,137,41.37960462287104,851138.7426720193
user_000549,189.54,1,91,169501,253,48.16266249451032,830716.3454780632
user_000886,192.68,1,88,169650,201,48.4384328358209,821314.3170149254
user_000219,294.46,1,71,137012,242,38.939054178145085,814085.5664240588
user_000879,231.56,1,76,157559,255,44.66050653594771,785960.603903268
user_000228,150.51,1,101,169178,202,48.49388888888889,737180.3368833333
user_000928,349.25,2,81,167703,262,47.5116475826972,672034.4381894084
user_000996,372.94,1,63,97051,155,28.177965949820788,662047.5091435484
user_000606,371.6,1,56,111803,255,31.715212418300656,659980.8843398694
user_000124,207.13,1,75,138286,117,40.335854700854696,626607.4188141025
user_000555,143.51,1,93,157851,93,46.8475,625246.8794249999
user_000729,159.28,1,81,156905,254,44.541415135608055,574659.0848267718
user_000597,378.04,1,57,89336,268,25.453615257048092,548481.6285711443
user_000979,116.69,1,90,175891,247,49.951728520017994,524598.048090081
user_000955,134.03,1,83,157902,194,45.14517182130584,502217.01247439854
user_000671,461.86,2,65,113785,194,32.612099083619704,489522.2826897194
user_000641,101.22,1,90,177027,91,52.14119963369963,474995.9004230768
user_000516,207.72,1,63,124405,151,35.80860007358352,468604.23165894044
user_000391,118.25,1,83,162821,125,47.220055555555554,463453.0402638889
user_000102,165.06,1,72,125819,199,36.035149357900615,428253.2462170854
user_000045,120.29,1,81,147464,144,42.64972222222222,415557.141975
user_000630,122.0,1,76,152009,267,43.07865480649188,399425.2873657927
user_000400,157.08,1,75,117531,225,33.6475,396401.19750000007
user_000629,128.68,1,79,130463,237,37.23972222222222,378568.5889888889
user_000187,119.43,1,71,144226,186,41.20793906810036,349423.95556612907
user_000992,82.19,1,82,167259,202,47.67865511551155,321334.11044339935
user_000116,100.26,1,73,132378,141,38.32485815602837,280498.8703468085
user_000672,68.94,1,88,157705,240,44.90694444444445,272437.858
user_000384,67.3,1,88,157979,268,44.86813018242123,265727.0141923715
user_000188,71.34,1,79,152968,180,43.80777777777778,246894.50246666672
user_000119,89.74,1,75,123168,210,35.2847619047619,237484.08999999997
user_000976,76.8,1,72,141931,167,40.718690951430474,225158.07348502992
user_000622,58.75,1,86,155428,210,44.403015873015875,224346.2376984127
user_000947,131.85,1,58,100288,200,28.727777777777778,219689.93499999997
user_000000,46.34,1,90,176060,148,50.72987987987988,211574.03702702705
user_000669,99.09,1,71,94654,245,27.16216553287982,191096.42776836734
user_000430,48.02,1,78,150612,104,44.086666666666666,165129.2552
user_000654,49.64,1,78,147170,269,41.750444031391986,161654.37925402727
user_000108,43.78,1,81,152367,265,43.24114779874213,153340.8935009434
user_000761,50.6,1,70,142152,264,40.28212121212121,142679.27333333332
user_000279,41.68,1,77,148741,187,42.5522385620915,136565.45235163398
user_000850,12.52,1,98,184467,221,52.571150075414785,64502.69829653093
user_000782,20.26,1,66,121262,202,34.66408690869087,46351.430450825086
user_000155,6.32,1,80,139013,170,40.026486928104575,20237.391790849673
user_000372,0.0,0,73,129257,100,38.09472222222222,0.0
user_000319,0.0,0,74,127029,145,36.81686781609196,0.0
user_000465,0.0,0,85,171501,119,49.782023809523814,0.0
user_000360,0.0,0,86,140039,147,40.65482426303855,0.0
user_000100,0.0,0,87,166756,212,47.55224318658281,0.0
user_000112,0.0,0,92,175210,261,49.72691570881226,0.0
user_000220,0.0,0,72,142768,116,41.51984674329502,0.0
user_000043,0.0,0,90,183958,217,52.34368407578085,0.0
user_000204,0.0,0,65,126741,106,37.04545597484277,0.0
user_000473,0.0,0,92,146654,244,41.86836976320583,0.0
user_000390,0.0,0,76,141515,259,40.1900311025311,0.0
user_000432,0.0,0,91,166997,130,48.488055555555555,0.0
user_000048,0.0,0,71,147294,150,42.335,0.0
user_000056,0.0,0,86,139729,155,40.478127240143365,0.0
user_000345,0.0,0,81,164623,235,46.762653664302604,0.0
user_000346,0.0,0,117,193089,234,55.13583333333333,0.0
user_000041,0.0,0,83,154591,267,43.87452871410736,0.0
user_000003,0.0,0,84,146900,266,41.75292397660819,0.0
user_000374,0.0,0,82,158890,178,45.518133583021225,0.0
user_000103,0.0,0,72,149281,247,42.34143837156995,0.0
user_000355,0.0,0,89,155558,114,45.552660818713456,0.0
user_000412,0.0,0,84,153142,254,43.53157042869641,0.0
user_000419,0.0,0,73,139929,219,39.869166666666665,0.0
user_000089,0.0,0,95,179050,258,50.84076227390181,0.0
user_000301,0.0,0,73,129330,129,37.622674418604646,0.0
user_000139,0.0,0,66,108363,213,31.030410798122066,0.0
user_000411,0.0,0,85,129636,230,37.11869565217391,0.0
user_000238,0.0,0,68,113198,233,32.31942536957558,0.0
user_000261,0.0,0,86,158244,178,45.40610486891386,0.0
user_000202,0.0,0,73,138924,126,40.328095238095244,0.0
user_000442,0.0,0,98,184494,147,53.248333333333335,0.0
user_000044,0.0,0,77,159376,169,45.637975016436556,0.0
user_000106,0.0,0,88,156469,128,45.52611111111111,0.0
user_000420,0.0,0,86,136168,203,39.09538040503558,0.0
user_000223,0.0,0,73,118859,155,34.42929211469534,0.0
user_000086,0.0,0,87,141274,110,41.61550505050505,0.0
user_000175,0.0,0,72,125721,124,36.66443548387097,0.0
user_000425,0.0,0,86,166421,248,47.26837813620072,0.0
user_000177,0.0,0,79,147155,264,41.77411616161616,0.0
user_000365,0.0,0,68,122408,104,35.96376068376068,0.0
user_000016,0.0,0,82,147488,107,43.267954309449635,0.0
user_000331,0.0,0,99,199865,246,56.72537262872629,0.0
user_000135,0.0,0,67,122402,97,36.07272050400917,0.0
user_000479,0.0,0,86,143836,240,41.02944444444445,0.0
user_000076,0.0,0,96,169035,140,49.01130952380952,0.0
user_000095,0.0,0,82,170005,256,48.18454861111111,0.0
user_000064,0.0,0,70,131669,172,37.79565245478036,0.0
user_000284,0.0,0,70,118586,115,34.7666425120773,0.0
user_000377,0.0,0,85,158943,193,45.472076856649394,0.0
user_000025,0.0,0,73,151293,187,43.19695632798574,0.0
user_000060,0.0,0,81,170022,270,48.12833333333333,0.0
user_000153,0.0,0,93,189335,245,53.73183106575964,0.0
user_000240,0.0,0,77,134775,99,39.770833333333336,0.0
user_000421,0.0,0,101,159332,177,45.97075329566855,0.0
user_000313,0.0,0,77,138288,132,40.163333333333334,0.0
user_000302,0.0,0,81,146083,150,42.198611111111106,0.0
user_000197,0.0,0,88,189946,194,54.12360252004582,0.0
user_000018,0.0,0,67,108787,203,31.208758894362344,0.0
user_000166,0.0,0,80,147779,204,42.22619281045752,0.0
user_000179,0.0,0,93,160975,109,47.27491080530071,0.0
user_000252,0.0,0,74,142363,228,40.51896198830409,0.0
user_000024,0.0,0,77,147474,227,41.98262114537445,0.0
user_000162,0.0,0,64,121566,97,35.7477147766323,0.0
user_000336,0.0,0,64,107688,137,31.31479318734793,0.0
user_000387,0.0,0,86,134204,223,38.43583956153463,0.0
user_000414,0.0,0,83,133781,236,38.2164736346516,0.0
user_000136,0.0,0,86,146165,142,42.418290297339595,0.0
user_000320,0.0,0,79,142161,159,40.979732704402515,0.0
user_000481,0.0,0,84,131319,166,37.99557228915663,0.0
user_000109,0.0,0,64,107113,124,31.301998207885305,0.0
user_000134,0.0,0,95,138165,204,39.77622549019608,0.0
user_000349,0.0,0,88,152765,147,44.230640589569155,0.0
user_000028,0.0,0,86,151328,188,43.40789598108747,0.0
user_000099,0.0,0,91,147109,96,43.70736111111111,0.0
user_000231,0.0,0,89,178860,126,51.80238095238095,0.0
user_000156,0.0,0,100,213453,96,62.4175,0.0
user_000214,0.0,0,67,121590,158,35.04715189873418,0.0
user_000322,0.0,0,79,166912,191,47.60528214077952,0.0
user_000121,0.0,0,85,143809,167,41.47389055222888,0.0
user_000269,0.0,0,94,177203,149,51.11567300521998,0.0
user_000440,0.0,0,98,182986,249,52.01016733601071,0.0
user_000232,0.0,0,94,166358,190,47.69476608187135,0.0
user_000275,0.0,0,62,123578,160,35.48972222222223,0.0
user_000128,0.0,0,97,198005,200,56.45638888888889,0.0
user_000439,0.0,0,98,177554,126,51.65388888888889,0.0
user_000476,0.0,0,73,131977,125,38.41227777777778,0.0
user_000272,0.0,0,65,130354,169,37.3632905982906,0.0
user_000342,0.0,0,82,142407,134,41.393320895522386,0.0
user_000468,0.0,0,74,140888,93,41.52265232974911,0.0
user_000033,0.0,0,99,194099,242,55.143661616161616,0.0
user_000093,0.0,0,81,160916,199,45.91999441652708,0.0
user_000147,0.0,0,72,133715,107,39.1617471443406,0.0
user_000038,0.0,0,73,137092,164,39.41647696476965,0.0
user_000051,0.0,0,79,156891,185,44.861914414414414,0.0
user_000208,0.0,0,93,169553,175,48.692341269841265,0.0
user_000350,0.0,0,80,138425,168,39.879960317460316,0.0
user_000005,0.0,0,68,110789,175,31.94043650793651,0.0
user_000094,0.0,0,89,187229,181,53.48319367710252,0.0
user_000378,0.0,0,73,142844,109,41.6880632008155,0.0
user_000291,0.0,0,78,140324,136,40.699477124183005,0.0
user_000104,0.0,0,87,165099,99,48.497196969696965,0.0
user_000158,0.0,0,96,171130,116,50.01886973180077,0.0
user_000165,0.0,0,76,138526,241,39.42550253573075,0.0
user_000274,0.0,0,93,166130,269,47.18439694341182,0.0
user_000126,0.0,0,89,143530,147,41.68577097505669,0.0
user_000429,0.0,0,74,138200,190,39.557309941520465,0.0
user_000057,0.0,0,104,188846,160,54.407222222222224,0.0
user_000303,0.0,0,95,171022,253,48.632593324549845,0.0
user_000273,0.0,0,70,109608,100,32.54666666666667,0.0
user_000480,0.0,0,57,110991,236,31.555409604519774,0.0
user_000132,0.0,0,74,140809,124,40.90393369175627,0.0
user_000488,0.0,0,67,129211,154,37.19713924963925,0.0
user_000321,0.0,0,78,142574,216,40.687222222222225,0.0
user_000338,0.0,0,72,132628,147,38.31049886621315,0.0
user_000145,0.0,0,66,124874,98,36.70763038548753,0.0
user_000172,0.0,0,90,149812,199,42.97122836404243,0.0
user_000388,0.0,0,77,141524,259,40.20411411411412,0.0
user_000058,0.0,0,75,150592,171,43.146900584795326,0.0
user_000087,0.0,0,80,158370,99,46.41590909090909,0.0
user_000200,0.0,0,75,141375,119,41.16158963585434,0.0
user_000375,0.0,0,70,129659,142,37.49526212832551,0.0
user_000492,0.0,0,85,166154,155,47.79905017921147,0.0
user_000020,0.0,0,82,134166,128,39.19020833333333,0.0
user_000358,0.0,0,89,184090,211,52.40151395471301,0.0
user_000427,0.0,0,101,198601,153,57.14733660130719,0.0
user_000347,0.0,0,84,161376,132,46.735757575757575,0.0
user_000493,0.0,0,87,166917,125,48.453833333333336,0.0
user_000325,0.0,0,81,154289,256,43.80727430555555,0.0
user_000074,0.0,0,103,202691,176,58.05873737373737,0.0
user_000123,0.0,0,78,142198,169,40.88405982905983,0.0
user_000486,0.0,0,83,162280,264,46.020959595959596,0.0
user_000009,0.0,0,87,153637,263,43.669339881706804,0.0
user_000014,0.0,0,79,132262,159,38.23001048218029,0.0
user_000327,0.0,0,67,132029,154,37.979917027417024,0.0
user_000396,0.0,0,80,144370,235,41.124054373522455,0.0
user_000483,0.0,0,89,179037,213,50.98602112676056,0.0
user_000115,0.0,0,83,139684,137,40.618629359286295,0.0
user_000133,0.0,0,103,209614,267,59.383414481897624,0.0
user_000193,0.0,0,87,163123,225,46.47194444444444,0.0
user_000207,0.0,0,66,133390,227,37.92502447381302,0.0
user_000163,0.0,0,59,93680,143,27.25998445998446,0.0
user_000167,0.0,0,94,160450,178,46.15371410736579,0.0
user_000221,0.0,0,68,136262,148,39.22893393393394,0.0
user_000008,0.0,0,81,140533,114,41.16852339181287,0.0
user_000130,0.0,0,100,154097,155,44.74020609318997,0.0
user_000050,0.0,0,76,154509,266,43.77630952380952,0.0
user_000361,0.0,0,105,187693,218,53.58189857288481,0.0
user_000299,0.0,0,67,126709,230,36.07085748792271,0.0
user_000084,0.0,0,68,112292,93,33.385770609318996,0.0
user_000184,0.0,0,87,163600,128,47.48350694444444,0.0
user_000309,0.0,0,82,146134,159,42.13994758909853,0.0
user_000478,0.0,0,99,180398,259,51.25727370227371,0.0
user_000330,0.0,0,74,122065,183,35.120059198542805,0.0
user_000323,0.0,0,66,117605,194,33.688674112256585,0.0
user_000263,0.0,0,72,122348,125,35.71355555555556,0.0
user_000314,0.0,0,73,137894,205,39.37218157181572,0.0
user_000448,0.0,0,80,132530,157,38.34255130927106,0.0
user_000405,0.0,0,73,133435,116,38.95320881226054,0.0
user_000021,0.0,0,72,125875,221,35.94265334338864,0.0
user_000224,0.0,0,74,148591,166,42.61262717536814,0.0
user_000247,0.0,0,76,142119,213,40.54792253521126,0.0
user_000376,0.0,0,89,168595,192,48.222569444444446,0.0
user_000477,0.0,0,85,147202,261,41.866455938697314,0.0
user_000471,0.0,0,90,184436,186,52.68383512544803,0.0
user_000426,0.0,0,86,168176,256,47.723368055555554,0.0
user_000027,0.0,0,79,155116,110,45.24232323232324,0.0
user_000091,0.0,0,67,132265,115,38.4881038647343,0.0
user_000022,0.0,0,65,119157,196,34.09406462585034,0.0
user_000082,0.0,0,91,148224,126,43.339999999999996,0.0
user_000215,0.0,0,77,132532,243,37.76506172839507,0.0
user_000235,0.0,0,102,170721,124,49.89024193548387,0.0
user_000225,0.0,0,74,125503,202,35.960954345434544,0.0
user_000079,0.0,0,87,167899,150,48.37861111111111,0.0
user_000403,0.0,0,67,107449,108,31.708055555555553,0.0
user_000218,0.0,0,73,128281,244,36.53115209471767,0.0
user_000452,0.0,0,70,143862,224,40.899166666666666,0.0
user_000354,0.0,0,77,133952,246,38.14791327913279,0.0
user_000393,0.0,0,87,141041,129,41.20131136950904,0.0
user_000183,0.0,0,70,134556,92,39.65927536231884,0.0
user_000243,0.0,0,60,117137,233,33.31058774439676,0.0
user_000402,0.0,0,73,134110,182,38.45607448107448,0.0
user_000129,0.0,0,72,149224,172,42.70692506459948,0.0
user_000143,0.0,0,80,144480,270,41.02222222222222,0.0
user_000222,0.0,0,84,158145,128,45.89791666666667,0.0
user_000348,0.0,0,102,209644,238,59.52015873015873,0.0
user_000436,0.0,0,86,150568,154,43.49976911976912,0.0
user_000407,0.0,0,77,143219,252,40.69972222222222,0.0
user_000178,0.0,0,85,137821,115,40.50100241545894,0.0
user_000002,0.0,0,90,163238,98,48.09899092970522,0.0
user_000801,0.0,0,77,157788,256,44.73234375,0.0
user_000991,0.0,0,66,133543,146,38.45144216133942,0.0
user_000698,0.0,0,81,127653,117,37.53608974358975,0.0
user_000723,0.0,0,93,168742,151,48.72045989698307,0.0
user_000759,0.0,0,82,143945,243,40.99706790123457,0.0
user_000559,0.0,0,87,149330,106,43.94281970649895,0.0
user_000694,0.0,0,76,149674,113,43.593810226155355,0.0
user_000923,0.0,0,101,181328,138,52.564541062801936,0.0
user_000786,0.0,0,109,169753,134,49.5939096185738,0.0
user_000514,0.0,0,77,150767,217,42.94423835125448,0.0
user_000824,0.0,0,75,125988,146,36.53776255707763,0.0
user_000826,0.0,0,87,157267,97,46.375999427262315,0.0
user_000660,0.0,0,76,142040,212,40.53102725366876,0.0
user_000568,0.0,0,78,125158,92,37.30958937198067,0.0
user_000670,0.0,0,57,124329,244,35.23665300546448,0.0
user_000881,0.0,0,107,197882,255,56.22604575163398,0.0
user_000961,0.0,0,76,147340,131,42.66823579304495,0.0
user_000553,0.0,0,67,133306,127,38.61212160979878,0.0
user_000842,0.0,0,107,178894,183,51.44687613843352,0.0
user_000904,0.0,0,94,172475,154,49.74089105339105,0.0
user_000944,0.0,0,89,145896,115,42.84840579710145,0.0
user_000563,0.0,0,87,170794,201,48.74128524046434,0.0
user_000510,0.0,0,83,159930,242,45.453925619834706,0.0
user_000521,0.0,0,68,97353,239,27.89605648535565,0.0
user_000560,0.0,0,76,150158,123,43.56421409214092,0.0
user_000949,0.0,0,80,130729,234,37.33925213675214,0.0
user_000674,0.0,0,97,188175,239,53.488406555090656,0.0
user_000744,0.0,0,82,145407,166,41.872761044176706,0.0
user_000914,0.0,0,94,147719,135,43.121944444444445,0.0
user_000680,0.0,0,95,176208,107,51.61021806853582,0.0
user_000960,0.0,0,79,146899,214,41.91275441329179,0.0
user_000989,0.0,0,75,134472,173,38.653911368015414,0.0
user_000647,0.0,0,68,117443,262,33.40168150975403,0.0
user_000795,0.0,0,91,141246,121,41.491198347107435,0.0
user_000863,0.0,0,65,115638,144,33.475833333333334,0.0
user_000823,0.0,0,80,123716,245,35.345147392290244,0.0
user_000688,0.0,0,86,153021,237,43.594440928270046,0.0
user_000656,0.0,0,104,198787,237,56.53506680731364,0.0
user_000813,0.0,0,96,154774,100,45.87277777777778,0.0
user_000522,0.0,0,72,131195,146,37.922507610350074,0.0
user_000687,0.0,0,88,163943,154,47.25400793650794,0.0
user_000526,0.0,0,78,147125,246,41.81927506775068,0.0
user_000574,0.0,0,80,133843,270,38.067499999999995,0.0
user_000517,0.0,0,84,154641,254,43.9479593175853,0.0
user_000601,0.0,0,91,154598,159,44.66087002096436,0.0
user_000741,0.0,0,97,165256,219,47.23321156773211,0.0
user_000602,0.0,0,74,139747,220,39.82770202020202,0.0
user_000652,0.0,0,87,145336,157,42.03353149327672,0.0
user_000835,0.0,0,66,106432,265,30.3116142557652,0.0
user_000921,0.0,0,68,126245,186,36.16482974910394,0.0
user_000507,0.0,0,70,99648,238,28.56235294117647,0.0
user_000631,0.0,0,72,142284,167,40.81674650698603,0.0
user_000825,0.0,0,69,135989,132,39.34290404040404,0.0
user_000702,0.0,0,89,157914,174,45.39948275862069,0.0
user_000997,0.0,0,90,174092,123,50.554010840108404,0.0
user_000971,0.0,0,81,147509,211,42.12638098999473,0.0
user_000932,0.0,0,81,152470,259,43.291001716001716,0.0
user_000785,0.0,0,81,137587,101,40.62455170517052,0.0
user_000948,0.0,0,73,119394,232,34.10896551724138,0.0
user_000974,0.0,0,98,179083,199,51.22266471245115,0.0
user_000579,0.0,0,82,159496,192,45.58569444444444,0.0
user_000665,0.0,0,94,182422,150,52.55277777777778,0.0
user_000933,0.0,0,102,180049,201,51.5359991708126,0.0
user_000547,0.0,0,54,102161,187,29.244365715983363,0.0
user_000929,0.0,0,55,92558,267,26.328533083645443,0.0
user_000676,0.0,0,87,139889,172,40.37549741602067,0.0
user_000605,0.0,0,85,147917,142,42.88383020344288,0.0
user_000575,0.0,0,79,119549,192,34.44243055555555,0.0
user_000862,0.0,0,72,123358,179,35.47281502172564,0.0
user_000871,0.0,0,74,110531,218,31.721404179408765,0.0
user_000679,0.0,0,90,177665,233,50.510187172150694,0.0
user_000594,0.0,0,72,119423,215,34.17770671834626,0.0
user_000799,0.0,0,72,123528,140,35.85619047619048,0.0
user_000586,0.0,0,58,107123,264,30.4154797979798,0.0
user_000643,0.0,0,81,146779,139,42.52014588329337,0.0
user_000745,0.0,0,66,118419,195,33.90955128205128,0.0
user_000884,0.0,0,85,164148,184,46.982536231884055,0.0
user_000897,0.0,0,70,136283,265,38.648841719077566,0.0
user_000539,0.0,0,68,127452,152,36.74543859649123,0.0
user_000639,0.0,0,84,163340,194,46.67119129438717,0.0
user_000751,0.0,0,74,118003,135,34.42305555555556,0.0
user_000915,0.0,0,88,148723,220,42.511944444444445,0.0
user_000890,0.0,0,87,150999,257,42.9597308690013,0.0
user_000905,0.0,0,81,117052,181,33.85698588090853,0.0
user_000945,0.0,0,81,133735,91,39.81894078144078,0.0
user_000781,0.0,0,86,160087,249,45.504755689424364,0.0
user_000746,0.0,0,79,155726,96,45.725972222222225,0.0
user_000968,0.0,0,88,156771,150,45.3075,0.0
user_000765,0.0,0,78,128828,111,37.89366366366366,0.0
user_000919,0.0,0,77,148422,230,42.23268115942029,0.0
user_000920,0.0,0,79,127353,123,37.30266260162602,0.0
user_000831,0.0,0,75,134853,212,38.52048742138365,0.0
user_000542,0.0,0,110,200291,134,58.099075456053065,0.0
user_000593,0.0,0,87,174066,162,49.96277777777778,0.0
user_000940,0.0,0,81,150003,111,43.85668918918918,0.0
user_000620,0.0,0,93,162413,128,47.29440972222222,0.0
user_000675,0.0,0,82,136305,140,39.61964285714286,0.0
user_000565,0.0,0,90,168652,242,47.96348025711662,0.0
user_000999,0.0,0,77,127219,231,36.33861111111111,0.0
user_000500,0.0,0,83,138341,184,39.78131642512077,0.0
user_000697,0.0,0,65,113277,168,32.62654761904762,0.0
user_000987,0.0,0,71,137278,164,39.43155826558265,0.0
user_000616,0.0,0,87,170014,121,49.38313590449954,0.0
user_000693,0.0,0,65,105840,148,30.717567567567567,0.0
user_000859,0.0,0,88,150620,171,43.3827485380117,0.0
user_000959,0.0,0,90,135621,125,39.832499999999996,0.0
user_000682,0.0,0,85,166655,179,47.71763656114214,0.0
user_000903,0.0,0,82,161100,137,46.5456204379562,0.0
user_000576,0.0,0,80,153923,235,43.777665484633566,0.0
user_000963,0.0,0,73,133804,249,38.04729585006694,0.0
user_000667,0.0,0,73,124778,212,35.69357442348008,0.0
user_000847,0.0,0,87,188487,260,53.361346153846156,0.0
user_000642,0.0,0,76,117679,98,35.015141723356,0.0
user_000804,0.0,0,70,131623,231,37.47103535353535,0.0
user_000924,0.0,0,79,159349,186,45.53780465949821,0.0
user_000570,0.0,0,89,177048,213,50.43352112676056,0.0
user_000637,0.0,0,81,135884,254,38.702248468941384,0.0
user_000717,0.0,0,89,177475,204,50.60743464052288,0.0
user_000591,0.0,0,108,207511,263,58.873883607942545,0.0
user_000913,0.0,0,49,79258,117,23.272521367521367,0.0
user_000843,0.0,0,117,220086,266,62.454548872180446,0.0
user_000529,0.0,0,59,91098,228,26.081315789473685,0.0
user_000599,0.0,0,50,95786,270,27.16277777777778,0.0
user_000800,0.0,0,77,159661,97,46.73172107674685,0.0
user_000972,0.0,0,85,166421,200,47.503055555555555,0.0
user_000849,0.0,0,94,166893,266,47.419317042606515,0.0
user_000995,0.0,0,72,140799,190,40.24767543859649,0.0
user_000624,0.0,0,87,150366,261,42.76833333333333,0.0
user_000810,0.0,0,79,141686,246,40.32063685636856,0.0
user_000861,0.0,0,97,172831,217,49.3496249359959,0.0
user_000609,0.0,0,94,183432,112,53.47119047619048,0.0
user_000743,0.0,0,91,157875,188,45.30629432624113,0.0
user_000551,0.0,0,83,162193,129,46.983843669250646,0.0
user_000648,0.0,0,90,168175,105,49.28670634920635,0.0
user_000728,0.0,0,69,127928,124,37.204910394265234,0.0
user_000611,0.0,0,70,129692,161,37.32990338164251,0.0
user_000860,0.0,0,59,106262,242,30.24862718089991,0.0
user_000760,0.0,0,76,141121,142,40.80591158059468,0.0
user_000732,0.0,0,78,124295,236,35.517914312617705,0.0
user_000899,0.0,0,77,150035,99,44.00972222222222,0.0
user_000666,0.0,0,79,120083,213,34.46906494522692,0.0
user_000734,0.0,0,85,161369,99,47.4004797979798,0.0
user_000855,0.0,0,78,142101,223,40.52182735426008,0.0
user_000540,0.0,0,78,135476,113,39.70301868239922,0.0
user_000865,0.0,0,95,165909,264,47.16537878787879,0.0
user_000893,0.0,0,62,110525,250,31.44538888888889,0.0
user_000925,0.0,0,75,129857,254,36.95721566054243,0.0
user_000776,0.0,0,90,167846,249,47.708226238286485,0.0
user_000917,0.0,0,93,147792,153,42.87686274509804,0.0
user_000798,0.0,0,80,134131,206,38.42365965480043,0.0
user_000803,0.0,0,71,134121,128,38.919895833333335,0.0
user_000878,0.0,0,86,172987,155,49.7164605734767,0.0
user_000757,0.0,0,80,124368,220,35.63757575757576,0.0
user_000912,0.0,0,79,161885,203,46.13554324028462,0.0
user_000898,0.0,0,86,167792,172,48.10888888888889,0.0
user_000834,0.0,0,68,109633,224,31.364325396825397,0.0
user_000874,0.0,0,91,174032,200,49.70722222222222,0.0
user_000730,0.0,0,82,167399,182,47.851370573870575,0.0
user_000809,0.0,0,67,101531,170,29.385408496732026,0.0
user_000587,0.0,0,104,201868,160,58.02444444444445,0.0
user_000518,0.0,0,81,135493,187,38.936409685086154,0.0
user_000589,0.0,0,93,159133,246,45.33775745257452,0.0
user_000689,0.0,0,79,149255,105,43.716865079365085,0.0
user_000726,0.0,0,107,208440,261,59.12988505747126,0.0
user_000512,0.0,0,92,151176,216,43.27111111111111,0.0
user_000748,0.0,0,94,166454,100,49.05722222222222,0.0
user_000975,0.0,0,102,160640,176,46.36085858585859,0.0
user_000747,0.0,0,56,102842,183,29.48525500910747,0.0
user_000509,0.0,0,67,116741,268,33.17805555555555,0.0
user_000655,0.0,0,68,111025,124,32.48543906810036,0.0
user_000827,0.0,0,77,122799,185,35.35948198198198,0.0
user_000508,0.0,0,64,119416,112,34.885396825396825,0.0
user_000993,0.0,0,97,177618,173,51.02041425818882,0.0
user_000664,0.0,0,69,124498,153,35.935718954248365,0.0
user_000814,0.0,0,89,165295,261,46.938266283524904,0.0
user_000857,0.0,0,85,139884,127,40.8645406824147,0.0
user_000716,0.0,0,89,171242,224,48.759186507936505,0.0
user_000973,0.0,0,90,153033,187,43.953016934046346,0.0
user_000774,0.0,0,94,187574,117,54.5141452991453,0.0
user_000583,0.0,0,70,130171,139,37.66940247801759,0.0
user_000836,0.0,0,87,154671,183,44.39039617486338,0.0
